GROUP,PACKAGE,CLASS,INSTRUCTION_MISSED,INSTRUCTION_COVERED,BRANCH_MISSED,BRANCH_COVERED,LINE_MISSED,LINE_COVERED,COMPLEXITY_MISSED,COMPLEXITY_COVERED,METHOD_MISSED,METHOD_COVERED
JaCoCo Coverage Report,org.springframework.samples.petclinic,PetClinicApplication,0,8,0,0,0,3,0,2,0,2
JaCoCo Coverage Report,org.springframework.samples.petclinic,PetClinicRuntimeHints,34,0,0,0,8,0,2,0,2,0
JaCoCo Coverage Report,org.springframework.samples.petclinic.model,NamedEntity,13,6,2,0,4,2,3,2,2,2
JaCoCo Coverage Report,org.springframework.samples.petclinic.model,BaseEntity,8,9,1,1,3,2,3,2,2,2
JaCoCo Coverage Report,org.springframework.samples.petclinic.model,Person,0,17,0,0,0,7,0,5,0,5
JaCoCo Coverage Report,org.springframework.samples.petclinic.vet,VetController,13,69,0,0,3,16,1,4,1,4
JaCoCo Coverage Report,org.springframework.samples.petclinic.vet,Vet,11,23,1,1,3,7,2,4,1,4
JaCoCo Coverage Report,org.springframework.samples.petclinic.vet,Specialty,0,3,0,0,0,1,0,1,0,1
JaCoCo Coverage Report,org.springframework.samples.petclinic.vet,Vets,0,14,1,1,0,4,1,2,0,2
JaCoCo Coverage Report,org.springframework.samples.petclinic.owner,OwnerController,155,70,10,4,33,20,13,8,6,8
JaCoCo Coverage Report,org.springframework.samples.petclinic.owner,PetType,0,3,0,0,0,1,0,1,0,1
JaCoCo Coverage Report,org.springframework.samples.petclinic.owner,PetTypeFormatter,38,6,6,0,8,3,5,1,2,1
JaCoCo Coverage Report,org.springframework.samples.petclinic.owner,Pet,23,8,0,0,9,2,6,1,6,1
JaCoCo Coverage Report,org.springframework.samples.petclinic.owner,Visit,14,6,0,0,6,3,4,1,4,1
JaCoCo Coverage Report,org.springframework.samples.petclinic.owner,VisitController,84,6,4,0,19,3,7,1,5,1
JaCoCo Coverage Report,org.springframework.samples.petclinic.owner,Owner,124,29,18,0,33,11,16,7,7,7
JaCoCo Coverage Report,org.springframework.samples.petclinic.owner,PetController,222,9,30,0,51,4,27,1,12,1
JaCoCo Coverage Report,org.springframework.samples.petclinic.owner,PetValidator,41,0,8,0,11,0,7,0,3,0
JaCoCo Coverage Report,org.springframework.samples.petclinic.system,CrashController,5,3,0,0,1,1,1,1,1,1
JaCoCo Coverage Report,org.springframework.samples.petclinic.system,WebConfiguration,0,27,0,0,0,9,0,4,0,4
JaCoCo Coverage Report,org.springframework.samples.petclinic.system,WelcomeController,0,5,0,0,0,2,0,2,0,2
JaCoCo Coverage Report,org.springframework.samples.petclinic.system,CacheConfiguration,13,6,0,0,1,2,2,2,2,2
