file,total_lines,covered_lines,coverage_percent
coverage-scripts/coverage_start.php,1,1,100
coverage-scripts/coverage_stop.php,18,3,16.67
claroline/auth/inscription.php,129,61,47.29
claroline/auth/login.php,181,62,34.25
claroline/auth/lostPassword.php,98,34,34.69
claroline/inc/claro_init_global.inc.php,354,126,35.59
claroline/inc/claro_init_local.inc.php,485,230,47.42
claroline/inc/installedVersion.inc.php,18,14,77.78
claroline/inc/lib/admin.lib.inc.php,167,9,5.39
claroline/inc/lib/auth/authdrivers.lib.php,147,7,4.76
claroline/inc/lib/auth/authmanager.lib.php,257,14,5.45
claroline/inc/lib/auth/authprofile.lib.php,71,5,7.04
claroline/inc/lib/auth/ldap.lib.php,136,5,3.68
claroline/inc/lib/auth/ldapauthdriver.lib.php,117,4,3.42
claroline/inc/lib/auth/pearauthdriver.lib.php,48,2,4.17
claroline/inc/lib/backlog.class.php,98,14,14.29
claroline/inc/lib/category.lib.inc.php,261,66,25.29
claroline/inc/lib/categorybrowser.class.php,87,38,43.68
claroline/inc/lib/claroCourse.class.php,638,8,1.25
claroline/inc/lib/claro_main.lib.php,770,165,21.43
claroline/inc/lib/clarocategory.class.php,377,36,9.55
claroline/inc/lib/compat.lib.php,135,13,9.63
claroline/inc/lib/compat_php54.lib.php,37,12,32.43
claroline/inc/lib/connectors/adminuser.lib.php,15,3,20
claroline/inc/lib/core/claroline.lib.php,85,50,58.82
claroline/inc/lib/core/console.lib.php,27,3,11.11
claroline/inc/lib/core/context.lib.php,91,54,59.34
claroline/inc/lib/core/core.lib.php,99,23,23.23
claroline/inc/lib/core/debug.lib.php,43,3,6.98
claroline/inc/lib/core/event.lib.php,112,60,53.57
claroline/inc/lib/core/exception.lib.php,11,5,45.45
claroline/inc/lib/core/helpers.lib.php,151,50,33.11
claroline/inc/lib/core/loader.lib.php,164,31,18.9
claroline/inc/lib/core/log.lib.php,20,5,25
claroline/inc/lib/core/notify.lib.php,585,68,11.62
claroline/inc/lib/core/url.lib.php,111,55,49.55
claroline/inc/lib/course.lib.inc.php,167,14,8.38
claroline/inc/lib/course/courselist.lib.php,305,88,28.85
claroline/inc/lib/course/userprivileges.lib.php,98,12,12.24
claroline/inc/lib/course_user.lib.php,369,33,8.94
claroline/inc/lib/coursesearchbox.class.php,27,18,66.67
claroline/inc/lib/database/database.lib.php,277,132,47.65
claroline/inc/lib/datavalidator.lib.php,105,57,54.29
claroline/inc/lib/display/banner.lib.php,105,38,36.19
claroline/inc/lib/display/body.lib.php,47,25,53.19
claroline/inc/lib/display/breadcrumbs.lib.php,133,106,79.7
claroline/inc/lib/display/course.lib.php,130,2,1.54
claroline/inc/lib/display/dialogBox.lib.php,120,68,56.67
claroline/inc/lib/display/display.lib.php,172,67,38.95
claroline/inc/lib/display/dock.lib.php,103,45,43.69
claroline/inc/lib/display/footer.lib.php,56,32,57.14
claroline/inc/lib/display/header.lib.php,107,70,65.42
claroline/inc/lib/display/ob.lib.php,27,17,62.96
claroline/inc/lib/display/phptemplate.lib.php,72,33,45.83
claroline/inc/lib/display/tooltitle.lib.php,138,35,25.36
claroline/inc/lib/display/viewmode.lib.php,58,30,51.72
claroline/inc/lib/file.lib.php,289,21,7.27
claroline/inc/lib/fileManage.lib.php,407,22,5.41
claroline/inc/lib/form.lib.php,165,18,10.91
claroline/inc/lib/html.lib.php,710,64,9.01
claroline/inc/lib/icon.lib.php,66,43,65.15
claroline/inc/lib/init.lib.php,183,87,47.54
claroline/inc/lib/kernel/course.lib.php,217,7,3.23
claroline/inc/lib/kernel/groupteam.lib.php,94,6,6.38
claroline/inc/lib/kernel/object.lib.php,33,2,6.06
claroline/inc/lib/kernel/user.lib.php,94,6,6.38
claroline/inc/lib/language.lib.php,318,103,32.39
claroline/inc/lib/lock.lib.php,24,2,8.33
claroline/inc/lib/module.lib.php,535,90,16.82
claroline/inc/lib/module/manage.lib.php,1000,56,5.6
claroline/inc/lib/module/manifest.lib.php,224,5,2.23
claroline/inc/lib/path.lib.php,51,33,64.71
claroline/inc/lib/right/constants.inc.php,18,17,94.44
claroline/inc/lib/right/courseProfileToolAction.class.php,77,4,5.19
claroline/inc/lib/right/profile.class.php,165,3,1.82
claroline/inc/lib/right/profileToolAction.class.php,75,7,9.33
claroline/inc/lib/right/profileToolRight.class.php,30,4,13.33
claroline/inc/lib/right/right_profile.lib.php,194,39,20.1
claroline/inc/lib/right/toolAction.class.php,69,3,4.35
claroline/inc/lib/sendmail.lib.php,100,8,8
claroline/inc/lib/sql.lib.php,311,121,38.91
claroline/inc/lib/sqlxtra.lib.php,82,3,3.66
claroline/inc/lib/textzone.lib.php,58,21,36.21
claroline/inc/lib/thirdparty/phpmailer/class.phpmailer.php,1077,4,0.37
claroline/inc/lib/user.lib.php,738,144,19.51
claroline/inc/lib/users/claroclass.lib.php,315,7,2.22
claroline/inc/lib/users/classutils.lib.php,37,3,8.11
claroline/inc/lib/users/courseregistration.lib.php,374,3,0.8
claroline/inc/lib/users/userlist.lib.php,625,7,1.12
claroline/inc/lib/utils/ajax.lib.php,132,10,7.58
claroline/inc/lib/utils/finder.lib.php,42,6,14.29
claroline/inc/lib/utils/input.lib.php,84,7,8.33
claroline/inc/lib/utils/iterators.lib.php,23,9,39.13
claroline/inc/lib/utils/validator.lib.php,50,13,26
claroline/inc/templates/auth_form.tpl.php,18,14,77.78
claroline/inc/templates/banner.tpl.php,41,19,46.34
claroline/inc/templates/body.tpl.php,48,8,16.67
claroline/inc/templates/categorybrowser.tpl.php,34,15,44.12
claroline/inc/templates/course_search_box.tpl.php,8,5,62.5
claroline/inc/templates/course_tree.tpl.php,50,5,10
claroline/inc/templates/footer.tpl.php,8,8,100
claroline/inc/templates/header.tpl.php,18,16,88.89
claroline/inc/templates/loginzone.tpl.php,23,18,78.26
claroline/inc/templates/platform_index.tpl.php,39,22,56.41
claroline/inc/templates/user_form.tpl.php,169,78,46.15
claroline/lang/english/complete.lang.php,2844,2844,100
claroline/lang/english/locale_settings.php,55,55,100
claroline/messaging/lib/message/internalmessage.lib.php,8,2,25
claroline/messaging/lib/message/messagetosend.lib.php,28,4,14.29
claroline/messaging/lib/notification/notifier.lib.php,25,4,16
claroline/messaging/lib/recipient/recipientlist.lib.php,59,4,6.78
claroline/messaging/lib/recipient/userlistrecipient.lib.php,22,3,13.64
index.php,111,35,31.53
platform/conf/CLHOME.conf.php,8,8,100
platform/conf/auth.cas.conf.php,8,8,100
platform/conf/auth.extra.conf.php,8,8,100
platform/conf/auth.sso.conf.php,8,8,100
platform/conf/claro_main.conf.php,72,72,100
platform/conf/user_profile.conf.php,12,12,100
platform/currentVersion.inc.php,3,3,100
tmp/cache/moduleCache.inc.php,2,2,100
TOTAL,21575,6549,30.35
